<?xml version="1.0" encoding="UTF-8"?>
<beans xmlns="http://www.springframework.org/schema/beans"
	xmlns:xsi="http://www.w3.org/2001/XMLSchema-instance" xmlns:context="http://www.springframework.org/schema/context"
	xmlns:tx="http://www.springframework.org/schema/tx" xmlns:jpa="http://www.springframework.org/schema/data/jpa"
	xsi:schemaLocation="http://www.springframework.org/schema/beans 
						http://www.springframework.org/schema/beans/spring-beans-3.2.xsd 
						http://www.springframework.org/schema/context 
						http://www.springframework.org/schema/context/spring-context-3.2.xsd 	 
						http://www.springframework.org/schema/tx 
						http://www.springframework.org/schema/tx/spring-tx-3.2.xsd http://www.springframework.org/schema/data/jpa http://www.springframework.org/schema/data/jpa/spring-jpa.xsd">

	<context:component-scan base-package="com.planetickets.*"></context:component-scan>

	<jpa:repositories base-package="com.planetickets.dao"></jpa:repositories>

	<bean id="entityManagerFactory"
		class="org.springframework.orm.jpa.LocalContainerEntityManagerFactoryBean">

		<property name="jpaVendorAdapter">
			<bean class="org.springframework.orm.jpa.vendor.HibernateJpaVendorAdapter"></bean>
		</property>

		<property name="persistenceXmlLocation" value="classpath:/META-INF/persistence.xml"></property>

		<property name="persistenceUnitName" value="primary"></property>
	</bean>

	<bean id="transactionManager" class="org.springframework.orm.jpa.JpaTransactionManager">
		<property name="entityManagerFactory" ref="entityManagerFactory"></property>
	</bean>

	<tx:annotation-driven transaction-manager="transactionManager" />


</beans>